<?xml version="1.0" encoding="ISO-8859-1"?>
<metadata>
	<idinfo>
		<citation>
			<citeinfo>
				<origin>LTSB</origin>
				<pubdate>5/30/2002</pubdate>
				<title Sync="TRUE">2004_ED_BY_WARD</title>
				<geoform Sync="TRUE">tabular digital data</geoform>
				<onlink Sync="TRUE">\\LTB21401\C$\election_data_2004\2004_election_data_final_030505\2004_ED_BY_WARD.dbf</onlink>
				<ftname Sync="TRUE">2004_ED_BY_WARD</ftname>
			</citeinfo>
		</citation>
		<descript>
			<abstract>This file was created by disaggregating the State of Wisconsin's 2004 General Election Results to the 2001 municipal ward layer.</abstract>
			<purpose>This data was created to perform generalizations on voting patterns in the State of Wisconsin. Municipal annexations,  population growth and general errors associated with the process of disaggregating data may be present within this data. Due to the previously mentioned factors election data totals do not match the Wisconsin State Elections Board official results. Please make note of these factors while using this data.</purpose>
			<langdata Sync="TRUE">en</langdata>
		</descript>
		<timeperd>
			<timeinfo>
				<sngdate>
					<caldate>unknown</caldate>
					<time>unknown</time></sngdate>
			</timeinfo>
			<current>publication date</current>
		</timeperd>
		<status>
			<progress>Complete</progress>
			<update>None planned</update>
		</status>
		<spdom>
			<bounding>
				<westbc Sync="TRUE">-92.964438</westbc>
				<eastbc Sync="TRUE">-86.666231</eastbc>
				<northbc Sync="TRUE">47.083194</northbc>
				<southbc Sync="TRUE">42.456930</southbc>
			</bounding>
			<lboundng>
				<leftbc Sync="TRUE">294822.466972</leftbc>
				<rightbc Sync="TRUE">773277.784884</rightbc>
				<topbc Sync="TRUE">734409.177865</topbc>
				<bottombc Sync="TRUE">225108.729177</bottombc>
			</lboundng>
		</spdom>
		<keywords>
			<theme>
				<themekey>Election Data </themekey>
				<themekey>2004 </themekey>
				<themekey>General Election</themekey>
			</theme>
			<theme>
				<themekt>REQUIRED: Reference to a formally registered thesaurus or a similar authoritative source of theme keywords.</themekt>
			</theme>
		</keywords>
		<accconst>None</accconst>
		<useconst>None</useconst>
		<ptcontac>
			<cntinfo>
				<cntorgp>
					<cntorg>Legislative Technology Services Bureau</cntorg>
					<cntper>Tony J. Van Der Wielen</cntper>
				</cntorgp>
				<cntpos>GIS Application Developer</cntpos>
				<cntaddr>
					<addrtype>mailing and physical address</addrtype>
					<address>17 S. Fairchild St.</address>
					<address>Suite 400</address>
					<city>Madison</city>
					<state>WI</state>
					<postal>53703</postal>
				</cntaddr>
				<cntvoice>608-266-6640</cntvoice>
				<cntfax>608-267-6763</cntfax>
				<cntemail>gis@legis.state.wi.us</cntemail>
				<hours>8-5 Monday - Friday</hours>
				<cntinst>Please send an e-mail to gis@legis.state.wi.us</cntinst>
			</cntinfo>
		</ptcontac>
		<native Sync="TRUE">Microsoft Windows XP Version 5.1 (Build 2600) Service Pack 2; ESRI ArcCatalog 9.0.0.535</native>
		<natvform Sync="TRUE">dBASE Table</natvform>
	</idinfo>
	<dataqual>
		<lineage>
			<srcinfo>
				<srccite>
					<citeinfo>
						<origin>United States Census Bureau</origin>
						<pubdate>12/2000</pubdate>
						<pubtime>Unknown</pubtime>
						<title>Redistricting Census 200 TIGER/Line Files</title>
						<geoform>vector digital data</geoform>
					</citeinfo>
				</srccite>
			</srcinfo>
			<srcinfo>
				<srccite>
					<citeinfo>
						<origin>Legislative Technology Services Bureau</origin>
						<pubdate>11/01</pubdate>
						<title>2001 Ward Collection Project (WISE-LR Data)</title>
						<geoform>vector digital data</geoform>
						<othercit>Census 2000 data was given to all 72 County Clerks in the State of Wisconsin with an application developed by LTSB called WISE-LR. Each county performed local redistricting including the creation of municiple wards and submitted the data to the Legislature. These assembly Districts were created with the municiple wards. This data includes municiple annexations up to August 1, 2001.</othercit>
					</citeinfo>
				</srccite>
			</srcinfo>
			<procstep>
				<procdesc>A 2004 Election data geography list was created by matching 2001 Municipal wards to 2004 municipal election data return geography.  </procdesc>
				<procdate>1/05</procdate>
				<proccont>
					<cntinfo>
						<cntorgp>
							<cntorg>Legislative Technology Services Bureau</cntorg>
							<cntper>Tony J. Van Der Wielen</cntper>
						</cntorgp>
						<cntpos>GIS Application Developer</cntpos>
						<cntvoice>608-266-6640</cntvoice>
						<cntfax>608-267-6763</cntfax>
						<cntemail>gis@legis.state.wi.us</cntemail>
						<hours>8-5 Monday - Friday</hours>
					</cntinfo>
				</proccont>
			</procstep>
			<procstep><procdesc>A 2004 Election data geography list was merged with 2004 general election results.</procdesc></procstep><procstep><procdesc>Election data was disaggregated to Census 2000 Blocks using the following methodology . An election data geography containing 1000 persons over 18 of which 100 belong to party A, has a 10% Party A affiliation. If a block within this Precinct has 50 persons over 18, the party A values will be calculated as 5 which is 10% of 50.

Once 2004 election data was calculated for Census 2000 Blocks, the data could be aggregated up to the 2001 Municipal Wards. </procdesc><procsv>Autobound 4.2</procsv><procdate>02/05</procdate></procstep></lineage>
	</dataqual>
	<spdoinfo>
		<direct Sync="TRUE">Vector</direct>
		<ptvctinf>
			<sdtsterm Name="WTM_8391_Wards">
				<sdtstype Sync="TRUE">G-polygon</sdtstype>
				<ptvctcnt Sync="TRUE">6278</ptvctcnt>
			</sdtsterm>
			<esriterm Name="WTM_8391_Wards">
				<efeatyp Sync="TRUE">Simple</efeatyp>
				<esritopo Sync="TRUE">FALSE</esritopo>
				<linrefer Sync="TRUE">FALSE</linrefer>
				<spindex Sync="TRUE">TRUE</spindex>
				<efeageom Sync="TRUE">Polygon</efeageom>
				<efeacnt Sync="TRUE">6278</efeacnt>
			</esriterm>
		</ptvctinf>
	</spdoinfo>
	<spref>
		<horizsys>
			<geodetic>
			</geodetic>
			<cordsysn>
			</cordsysn>
		</horizsys>
		<vertdef>
			<altsys>
			</altsys>
		</vertdef>
	</spref>
	<eainfo>
		<detailed Name="2004_ED_BY_WARD">
			<enttyp>
				<enttypl Sync="TRUE">2004_ED_BY_WARD</enttypl>
				<enttypc Sync="TRUE">6278</enttypc>
				<enttypt Sync="TRUE">Table</enttypt>
			</enttyp>
			<attr>
				<attrlabl Sync="TRUE">STFID</attrlabl>
				<attrdef>Unique ID (State,Mcd,Ward) in Cenus FIPS format.</attrdef>
				<attrdefs>LTSB</attrdefs>
				<atprecis Sync="TRUE">0</atprecis>
				<attalias Sync="TRUE">STFID</attalias>
				<attrtype Sync="TRUE">String</attrtype>
				<attscale Sync="TRUE">0</attscale>
				<attwidth Sync="TRUE">15</attwidth>
			</attr>
			<attr>
				<attrlabl Sync="TRUE">NAME</attrlabl>
				<attrdef>Name of feature</attrdef>
				<attrdefs>LTSB</attrdefs>
				<attalias Sync="TRUE">NAME</attalias>
				<attrtype Sync="TRUE">String</attrtype>
				<attwidth Sync="TRUE">15</attwidth>
			</attr>
			<attr>
				<attrlabl Sync="TRUE">COUSUBFP</attrlabl>
				<attrdef>Minor Civil Division FIPS code</attrdef>
				<attrdefs>U.S. Census Bureau</attrdefs>
				<attalias Sync="TRUE">COUSUBFP</attalias>
				<attrtype Sync="TRUE">String</attrtype>
				<attwidth Sync="TRUE">6</attwidth>
			</attr>
			<attr>
				<attrlabl Sync="TRUE">FIPSSTCO</attrlabl>
				<attrdef>State County FIPS code</attrdef>
				<attrdefs>U.S. Census Bureau</attrdefs>
				<attalias Sync="TRUE">FIPSSTCO</attalias>
				<attrtype Sync="TRUE">String</attrtype>
				<attwidth Sync="TRUE">11</attwidth>
			</attr>
			<attr>
				<attrlabl Sync="TRUE">JID</attrlabl>
				<attrdef>State County Mcd FIPS Code</attrdef>
				<attrdefs>LTSB</attrdefs>
				<attalias Sync="TRUE">JID</attalias>
				<attrtype Sync="TRUE">String</attrtype>
				<attwidth Sync="TRUE">10</attwidth>
			</attr>
			<attr>
				<attrlabl Sync="TRUE">JVTD</attrlabl>
				<attrdef>Ward Number assignment as a number</attrdef>
				<attrdefs>LTSB</attrdefs>
				<attalias Sync="TRUE">JVTD</attalias>
				<attrtype Sync="TRUE">String</attrtype>
				<attwidth Sync="TRUE">11</attwidth>
			</attr>
			<attr>
				<attrlabl Sync="TRUE">JVTD2</attrlabl>
				<attrdef>Mcd name,  City, Town or Village designation, ward number</attrdef>
				<attrdefs>LTSB</attrdefs>
				<attalias Sync="TRUE">JVTD2</attalias>
				<attrtype Sync="TRUE">Number</attrtype>
				<attwidth Sync="TRUE">9</attwidth>
			</attr>
			<attr>
				<attrlabl Sync="TRUE">PERSONS</attrlabl>
				<attrdefs>U.S. Census Bureau</attrdefs>
				<attalias Sync="TRUE">PERSONS</attalias>
				<attrtype Sync="TRUE">String</attrtype>
				<attwidth Sync="TRUE">26</attwidth>
			</attr>
			<attr>
				<attrlabl Sync="TRUE">WHITE</attrlabl>
				<attrdefs>U.S. Census Bureau</attrdefs>
				<attalias Sync="TRUE">WHITE</attalias>
				<attrtype Sync="TRUE">Number</attrtype>
				<attwidth Sync="TRUE">19</attwidth>
				<atnumdec Sync="TRUE">11</atnumdec></attr>
			<attr>
				<attrlabl Sync="TRUE">BLACK</attrlabl>
				<attrdefs>U.S. Census Bureau</attrdefs>
				<attalias Sync="TRUE">BLACK</attalias>
				<attrtype Sync="TRUE">Number</attrtype>
				<attwidth Sync="TRUE">9</attwidth>
			</attr>
			<attr>
				<attrlabl Sync="TRUE">HISPANIC</attrlabl>
				<attrdefs>U.S. Census Bureau</attrdefs>
				<attalias Sync="TRUE">HISPANIC</attalias>
				<attrtype Sync="TRUE">Number</attrtype>
				<attwidth Sync="TRUE">9</attwidth>
			</attr>
			<attr>
				<attrlabl Sync="TRUE">ASIAN</attrlabl>
				<attrdefs>U.S. Census Bureau</attrdefs>
				<attalias Sync="TRUE">ASIAN</attalias>
				<attrtype Sync="TRUE">Number</attrtype>
				<attwidth Sync="TRUE">9</attwidth>
			</attr>
			<attr>
				<attrlabl Sync="TRUE">AMINDIAN</attrlabl>
				<attrdefs>U.S. Census Bureau</attrdefs>
				<attalias Sync="TRUE">AMINDIAN</attalias>
				<attrtype Sync="TRUE">Number</attrtype>
				<attwidth Sync="TRUE">9</attwidth>
			</attr>
			<attr>
				<attrlabl Sync="TRUE">PISLAND</attrlabl>
				<attrdefs>U.S. Census Bureau</attrdefs>
				<attalias Sync="TRUE">PISLAND</attalias>
				<attrtype Sync="TRUE">Number</attrtype>
				<attwidth Sync="TRUE">19</attwidth>
				<atnumdec Sync="TRUE">11</atnumdec></attr>
			<attr>
				<attrlabl Sync="TRUE">OTHER</attrlabl>
				<attrdefs>U.S. Census Bureau</attrdefs>
				<attalias Sync="TRUE">OTHER</attalias>
				<attrtype Sync="TRUE">Number</attrtype>
				<attwidth Sync="TRUE">9</attwidth>
			</attr>
			<attr>
				<attrlabl Sync="TRUE">OTHERMLT</attrlabl>
				<attrdefs>U.S. Census Bureau</attrdefs>
				<attalias Sync="TRUE">OTHERMLT</attalias>
				<attrtype Sync="TRUE">Number</attrtype>
				<attwidth Sync="TRUE">9</attwidth>
			</attr>
			<attr>
				<attrlabl Sync="TRUE">PERSONS18</attrlabl>
				<attrdefs>U.S. Census Bureau</attrdefs>
				<attalias Sync="TRUE">PERSONS18</attalias>
				<attrtype Sync="TRUE">Number</attrtype>
				<attwidth Sync="TRUE">19</attwidth>
				<atnumdec Sync="TRUE">11</atnumdec></attr>
			<attr>
				<attrlabl Sync="TRUE">WHITE18</attrlabl>
				<attrdefs>U.S. Census Bureau</attrdefs>
				<attalias Sync="TRUE">WHITE18</attalias>
				<attrtype Sync="TRUE">Number</attrtype>
				<attwidth Sync="TRUE">19</attwidth>
				<atnumdec Sync="TRUE">11</atnumdec></attr>
			<attr>
				<attrlabl Sync="TRUE">BLACK18</attrlabl>
				<attrdefs>U.S. Census Bureau</attrdefs>
				<attalias Sync="TRUE">BLACK18</attalias>
				<attrtype Sync="TRUE">Number</attrtype>
				<attwidth Sync="TRUE">9</attwidth>
			</attr>
			<attr>
				<attrlabl Sync="TRUE">HISPANIC18</attrlabl>
				<attrdefs>U.S. Census Bureau</attrdefs>
				<attalias Sync="TRUE">HISPANIC18</attalias>
				<attrtype Sync="TRUE">Number</attrtype>
				<attwidth Sync="TRUE">9</attwidth>
			</attr>
			<attr>
				<attrlabl Sync="TRUE">ASIAN18</attrlabl>
				<attrdefs>U.S. Census Bureau</attrdefs>
				<attalias Sync="TRUE">ASIAN18</attalias>
				<attrtype Sync="TRUE">Number</attrtype>
				<attwidth Sync="TRUE">19</attwidth>
				<atnumdec Sync="TRUE">11</atnumdec></attr>
			<attr>
				<attrlabl Sync="TRUE">AMINDIAN18</attrlabl>
				<attrdefs>U.S. Census Bureau</attrdefs>
				<attalias Sync="TRUE">AMINDIAN18</attalias>
				<attrtype Sync="TRUE">Number</attrtype>
				<attwidth Sync="TRUE">9</attwidth>
			</attr>
			<attr>
				<attrlabl Sync="TRUE">PISLAND18</attrlabl>
				<attrdefs>U.S. Census Bureau</attrdefs>
				<attalias Sync="TRUE">PISLAND18</attalias>
				<attrtype Sync="TRUE">Number</attrtype>
				<attwidth Sync="TRUE">19</attwidth>
				<atnumdec Sync="TRUE">11</atnumdec></attr>
			<attr>
				<attrlabl Sync="TRUE">OTHER18</attrlabl>
				<attrdefs>U.S. Census Bureau</attrdefs>
				<attalias Sync="TRUE">OTHER18</attalias>
				<attrtype Sync="TRUE">Number</attrtype>
				<attwidth Sync="TRUE">19</attwidth>
				<atnumdec Sync="TRUE">11</atnumdec></attr>
			<attr>
				<attrlabl Sync="TRUE">OTHERMLT18</attrlabl>
				<attrdefs>U.S. Census Bureau</attrdefs>
				<attalias Sync="TRUE">OTHERMLT18</attalias>
				<attrtype Sync="TRUE">Number</attrtype>
				<attwidth Sync="TRUE">9</attwidth>
			</attr>
			<attr>
				<attrlabl Sync="TRUE">ASSEMBLY</attrlabl>
				<attrdef>Assembly District assignment</attrdef>
				<attrdefs>Eastern District Federal Court</attrdefs>
				<attalias Sync="TRUE">ASSEMBLY</attalias>
				<attrtype Sync="TRUE">Number</attrtype>
				<attwidth Sync="TRUE">19</attwidth>
				<atnumdec Sync="TRUE">11</atnumdec></attr>
			<attr>
				<attrlabl Sync="TRUE">SENATE</attrlabl>
				<attrdef>Senate District </attrdef>
				<attrdefs>Eastern District Federal Court</attrdefs>
				<attalias Sync="TRUE">SENATE</attalias>
				<attrtype Sync="TRUE">String</attrtype>
				<attwidth Sync="TRUE">11</attwidth>
			</attr>
			<attr>
				<attrlabl Sync="TRUE">CONGRESS</attrlabl>
				<attrdef>Congressional District Assignment</attrdef>
				<attrdefs>Wisconsin State Legislature</attrdefs>
				<attalias Sync="TRUE">CONGRESS</attalias>
				<attrtype Sync="TRUE">String</attrtype>
				<attwidth Sync="TRUE">8</attwidth>
			</attr>
			<attr>
				<attrlabl Sync="TRUE">CNTY_NAME</attrlabl>
				<attrdef>County name</attrdef>
				<attrdefs>U.S. Census Bureau</attrdefs>
				<attalias Sync="TRUE">CNTY_NAME</attalias>
				<attrtype Sync="TRUE">String</attrtype>
				<attwidth Sync="TRUE">11</attwidth>
			</attr>
			<attr>
				<attrlabl Sync="TRUE">MCD_NAME</attrlabl>
				<attrdef>Mcd Name </attrdef>
				<attrdefs>U.S. Census Bureau</attrdefs>
				<attalias Sync="TRUE">MCD_NAME</attalias>
				<attrtype Sync="TRUE">String</attrtype>
				<attwidth Sync="TRUE">12</attwidth>
			</attr>
			<attr>
				<attrlabl Sync="TRUE">CTV</attrlabl>
				<attrdef>City, Town or Village designation</attrdef>
				<attrdefs>U.S. Census Bureau</attrdefs>
				<attalias Sync="TRUE">CTV</attalias>
				<attrtype Sync="TRUE">String</attrtype>
				<attwidth Sync="TRUE">17</attwidth>
			</attr>
			<attr><attrlabl Sync="TRUE">OID</attrlabl><attalias Sync="TRUE">OID</attalias><attrtype Sync="TRUE">String</attrtype><attwidth Sync="TRUE">4</attwidth><attrdef Sync="TRUE">Internal feature number.</attrdef><attrdefs Sync="TRUE">ESRI</attrdefs><attrdomv><udom Sync="TRUE">Sequential unique whole numbers that are automatically generated.</udom></attrdomv></attr><attr><attrlabl Sync="TRUE">PRES_DEM</attrlabl><attalias Sync="TRUE">PRES_DEM</attalias><attrtype Sync="TRUE">Number</attrtype><attwidth Sync="TRUE">17</attwidth><attrdef>2004 Presidential Race </attrdef><attrdefs>State Elections Board</attrdefs></attr><attr><attrlabl Sync="TRUE">PRES_REP</attrlabl><attalias Sync="TRUE">PRES_REP</attalias><attrtype Sync="TRUE">Number</attrtype><attwidth Sync="TRUE">17</attwidth><attrdef>2004 Presidential Race</attrdef><attrdefs>State Elections Board</attrdefs></attr><attr><attrlabl Sync="TRUE">PRES_LIB</attrlabl><attalias Sync="TRUE">PRES_LIB</attalias><attrtype Sync="TRUE">Number</attrtype><attwidth Sync="TRUE">17</attwidth><attrdef>2004 Presidential Race</attrdef><attrdefs>State Elections Board</attrdefs></attr><attr><attrlabl Sync="TRUE">PRES_GREEN</attrlabl><attalias Sync="TRUE">PRES_GREEN</attalias><attrtype Sync="TRUE">Number</attrtype><attwidth Sync="TRUE">17</attwidth><attrdef>2004 Presidential Race</attrdef><attrdefs>State Elections Board</attrdefs></attr><attr><attrlabl Sync="TRUE">PRES_IND</attrlabl><attalias Sync="TRUE">PRES_IND</attalias><attrtype Sync="TRUE">Number</attrtype><attwidth Sync="TRUE">17</attwidth><attrdef>2004 Presidential Race</attrdef><attrdefs>State Elections Board</attrdefs></attr><attr><attrlabl Sync="TRUE">PRES_IND1</attrlabl><attalias Sync="TRUE">PRES_IND1</attalias><attrtype Sync="TRUE">Number</attrtype><attwidth Sync="TRUE">17</attwidth><attrdef>2004 Presidential Race</attrdef><attrdefs>State Elections Board</attrdefs></attr><attr><attrlabl Sync="TRUE">PRES_IND2</attrlabl><attalias Sync="TRUE">PRES_IND2</attalias><attrtype Sync="TRUE">Number</attrtype><attwidth Sync="TRUE">17</attwidth><attrdef>2004 Presidential Race</attrdef><attrdefs>State Elections Board</attrdefs></attr><attr><attrlabl Sync="TRUE">PRES_SCAT</attrlabl><attalias Sync="TRUE">PRES_SCAT</attalias><attrtype Sync="TRUE">Number</attrtype><attwidth Sync="TRUE">17</attwidth><attrdef>2004 Presidential Race</attrdef><attrdefs>State Elections Board</attrdefs></attr><attr><attrlabl Sync="TRUE">USH_DEM</attrlabl><attalias Sync="TRUE">USH_DEM</attalias><attrtype Sync="TRUE">Number</attrtype><attwidth Sync="TRUE">17</attwidth><attrdefs>State Elections Board</attrdefs><attrdef>2004 Congressional Race</attrdef></attr><attr><attrlabl Sync="TRUE">USH_REP</attrlabl><attalias Sync="TRUE">USH_REP</attalias><attrtype Sync="TRUE">Number</attrtype><attwidth Sync="TRUE">17</attwidth><attrdefs>State Elections Board</attrdefs><attrdef>2004 Congressional Race</attrdef></attr><attr><attrlabl Sync="TRUE">USH_LIB</attrlabl><attalias Sync="TRUE">USH_LIB</attalias><attrtype Sync="TRUE">Number</attrtype><attwidth Sync="TRUE">17</attwidth><attrdefs>State Elections Board</attrdefs><attrdef>2004 Congressional Race</attrdef></attr><attr><attrlabl Sync="TRUE">USH_LIB2</attrlabl><attalias Sync="TRUE">USH_LIB2</attalias><attrtype Sync="TRUE">Number</attrtype><attwidth Sync="TRUE">17</attwidth><attrdefs>State Elections Board</attrdefs><attrdef>2004 Congressional Race</attrdef></attr><attr><attrlabl Sync="TRUE">USH_SCAT</attrlabl><attalias Sync="TRUE">USH_SCAT</attalias><attrtype Sync="TRUE">Number</attrtype><attwidth Sync="TRUE">17</attwidth><attrdefs>State Elections Board</attrdefs><attrdef>2004 Congressional Race</attrdef></attr><attr><attrlabl Sync="TRUE">USH_IND2</attrlabl><attalias Sync="TRUE">USH_IND2</attalias><attrtype Sync="TRUE">Number</attrtype><attwidth Sync="TRUE">17</attwidth><attrdefs>State Elections Board</attrdefs><attrdef>2004 Congressional Race</attrdef></attr><attr><attrlabl Sync="TRUE">USH_GREEN</attrlabl><attalias Sync="TRUE">USH_GREEN</attalias><attrtype Sync="TRUE">Number</attrtype><attwidth Sync="TRUE">17</attwidth><attrdefs>State Elections Board</attrdefs><attrdef>2004 Congressional Race</attrdef></attr><attr><attrlabl Sync="TRUE">USH_CON_</attrlabl><attalias Sync="TRUE">USH_CON_</attalias><attrtype Sync="TRUE">Number</attrtype><attwidth Sync="TRUE">17</attwidth><attrdefs>State Elections Board</attrdefs><attrdef>2004 Congressional Race</attrdef></attr><attr><attrlabl Sync="TRUE">WSS_DEM</attrlabl><attalias Sync="TRUE">WSS_DEM</attalias><attrtype Sync="TRUE">Number</attrtype><attwidth Sync="TRUE">17</attwidth><attrdefs>State Elections Board</attrdefs><attrdef>2004 State Senate Race</attrdef></attr><attr><attrlabl Sync="TRUE">WSS_REP</attrlabl><attalias Sync="TRUE">WSS_REP</attalias><attrtype Sync="TRUE">Number</attrtype><attwidth Sync="TRUE">17</attwidth><attrdefs>State Elections Board</attrdefs><attrdef>2004 State Senate Race</attrdef></attr><attr><attrlabl Sync="TRUE">WSS_SCAT</attrlabl><attalias Sync="TRUE">WSS_SCAT</attalias><attrtype Sync="TRUE">Number</attrtype><attwidth Sync="TRUE">17</attwidth><attrdefs>State Elections Board</attrdefs><attrdef>2004 State Senate Race</attrdef></attr><attr><attrlabl Sync="TRUE">WSA_DEM</attrlabl><attalias Sync="TRUE">WSA_DEM</attalias><attrtype Sync="TRUE">Number</attrtype><attwidth Sync="TRUE">17</attwidth><attrdefs>State Elections Board</attrdefs><attrdef>2004 State Assembly Race</attrdef></attr><attr><attrlabl Sync="TRUE">WSA_REP</attrlabl><attalias Sync="TRUE">WSA_REP</attalias><attrtype Sync="TRUE">Number</attrtype><attwidth Sync="TRUE">17</attwidth><attrdefs>State Elections Board</attrdefs><attrdef>2004 State Assembly Race</attrdef></attr><attr><attrlabl Sync="TRUE">WSA_SCAT</attrlabl><attalias Sync="TRUE">WSA_SCAT</attalias><attrtype Sync="TRUE">Number</attrtype><attwidth Sync="TRUE">17</attwidth><attrdefs>State Elections Board</attrdefs><attrdef>2004 State Assembly Race</attrdef></attr><attr><attrlabl Sync="TRUE">WSA_GREEN</attrlabl><attalias Sync="TRUE">WSA_GREEN</attalias><attrtype Sync="TRUE">Number</attrtype><attwidth Sync="TRUE">17</attwidth><attrdefs>State Elections Board</attrdefs><attrdef>2004 State Assembly Race</attrdef></attr><attr><attrlabl Sync="TRUE">WSA_CON</attrlabl><attalias Sync="TRUE">WSA_CON</attalias><attrtype Sync="TRUE">Number</attrtype><attwidth Sync="TRUE">17</attwidth><attrdefs>State Elections Board</attrdefs><attrdef>2004 State Assembly Race</attrdef></attr><attr><attrlabl Sync="TRUE">WSA_LIB</attrlabl><attalias Sync="TRUE">WSA_LIB</attalias><attrtype Sync="TRUE">Number</attrtype><attwidth Sync="TRUE">17</attwidth><attrdefs>State Elections Board</attrdefs><attrdef>2004 State Assembly Race</attrdef></attr><attr><attrlabl Sync="TRUE">WSA_IND1</attrlabl><attalias Sync="TRUE">WSA_IND1</attalias><attrtype Sync="TRUE">Number</attrtype><attwidth Sync="TRUE">17</attwidth><attrdefs>State Elections Board</attrdefs><attrdef>2004 State Assembly Race</attrdef></attr><attr><attrlabl Sync="TRUE">WSA_IND2</attrlabl><attalias Sync="TRUE">WSA_IND2</attalias><attrtype Sync="TRUE">Number</attrtype><attwidth Sync="TRUE">17</attwidth><attrdefs>State Elections Board</attrdefs><attrdef>2004 State Assembly Race</attrdef></attr><attr><attrlabl Sync="TRUE">CDA_DEM_1</attrlabl><attalias Sync="TRUE">CDA_DEM_1</attalias><attrtype Sync="TRUE">Number</attrtype><attwidth Sync="TRUE">17</attwidth><attrdefs>State Elections Board</attrdefs><attrdef>2004 County District Attorney Race</attrdef></attr><attr><attrlabl Sync="TRUE">CDA_REP_1</attrlabl><attalias Sync="TRUE">CDA_REP_1</attalias><attrtype Sync="TRUE">Number</attrtype><attwidth Sync="TRUE">17</attwidth><attrdefs>State Elections Board</attrdefs><attrdef>2004 County District Attorney Race</attrdef></attr><attr><attrlabl Sync="TRUE">CDA_SCAT_1</attrlabl><attalias Sync="TRUE">CDA_SCAT_1</attalias><attrtype Sync="TRUE">Number</attrtype><attwidth Sync="TRUE">17</attwidth><attrdefs>State Elections Board</attrdefs><attrdef>2004 County District Attorney Race</attrdef></attr><attr><attrlabl Sync="TRUE">CDA_GREEN</attrlabl><attalias Sync="TRUE">CDA_GREEN</attalias><attrtype Sync="TRUE">Number</attrtype><attwidth Sync="TRUE">17</attwidth><attrdefs>State Elections Board</attrdefs><attrdef>2004 County District Attorney Race</attrdef></attr><attr><attrlabl Sync="TRUE">USS_DEM</attrlabl><attalias Sync="TRUE">USS_DEM</attalias><attrtype Sync="TRUE">Number</attrtype><attwidth Sync="TRUE">17</attwidth><attrdefs>State Elections Board</attrdefs><attrdef>2004 US Senate Race</attrdef></attr><attr><attrlabl Sync="TRUE">USS_REP</attrlabl><attalias Sync="TRUE">USS_REP</attalias><attrtype Sync="TRUE">Number</attrtype><attwidth Sync="TRUE">17</attwidth><attrdefs>State Elections Board</attrdefs><attrdef>2004 US Senate Race</attrdef></attr><attr><attrlabl Sync="TRUE">USS_LIB</attrlabl><attalias Sync="TRUE">USS_LIB</attalias><attrtype Sync="TRUE">Number</attrtype><attwidth Sync="TRUE">17</attwidth><attrdefs>State Elections Board</attrdefs><attrdef>2004 US Senate Race</attrdef></attr><attr><attrlabl Sync="TRUE">USS_IND</attrlabl><attalias Sync="TRUE">USS_IND</attalias><attrtype Sync="TRUE">Number</attrtype><attwidth Sync="TRUE">17</attwidth><attrdefs>State Elections Board</attrdefs><attrdef>2004 US Senate Race</attrdef></attr><attr><attrlabl Sync="TRUE">USS_SCAT</attrlabl><attalias Sync="TRUE">USS_SCAT</attalias><attrtype Sync="TRUE">Number</attrtype><attwidth Sync="TRUE">17</attwidth><attrdefs>State Elections Board</attrdefs><attrdef>2004 US Senate Race</attrdef></attr></detailed>
	</eainfo>
	<distinfo>
		<resdesc>Downloadable Data</resdesc>
		<stdorder><digform><digtinfo><transize Sync="TRUE">6.025</transize><dssize Sync="TRUE">6.025</dssize></digtinfo></digform></stdorder><distrib><cntinfo><cntaddr><address>17 S. Fairchild St.</address><address>Suite 400</address><addrtype>mailing and physical address</addrtype><city>Madison</city><state>WI</state><postal>53703</postal></cntaddr><cntvoice>608-266-6640 Ext. 1</cntvoice><cntfax>608-267-6763</cntfax><cntemail>gis@legis.state.wi.us</cntemail><cntorgp><cntorg>Legislative Technology Services Bureau</cntorg><cntper>Tony J. Van Der Wielen</cntper></cntorgp><cntpos>GIS Application Developer</cntpos><hours>8-5 Monday - Friday</hours><cntinst>Please send an e-mail to gis@legis.state.wi.us
</cntinst></cntinfo></distrib></distinfo>
	<metainfo>
		<metd Sync="TRUE">20050318</metd>
		<metc>
			<cntinfo>
				<cntperp>
					<cntper>Tony J. Van Der Wielen</cntper>
					<cntorg>Legislative Technology Services Bureau</cntorg>
				</cntperp>
				<cntpos>GIS Application Developer</cntpos>
				<cntaddr>
					<addrtype>mailing and physical address</addrtype>
					<address>17 S. Fairchild St.</address>
					<address>Suite 400</address>
					<city>Madison</city>
					<state>WI</state>
					<postal>53703</postal>
				</cntaddr>
				<cntvoice>608-266-6640 Ext 1</cntvoice>
				<cntemail>gis@legis.state.wi.us</cntemail>
				<hours>8-5 M-F</hours>
			</cntinfo>
		</metc>
		<metstdn Sync="TRUE">FGDC Content Standards for Digital Geospatial Metadata</metstdn>
		<metstdv Sync="TRUE">FGDC-STD-001-1998</metstdv>
		<mettc Sync="TRUE">local time</mettc>
		<metac>None</metac>
		<metuc>None</metuc>
		<metextns>
			<onlink>http://www.esri.com/metadata/esriprof80.html</onlink>
			<metprof>ESRI Metadata Profile</metprof>
		</metextns>
		<langmeta Sync="TRUE">en</langmeta>
		<metextns><onlink Sync="TRUE">http://www.esri.com/metadata/esriprof80.html</onlink><metprof Sync="TRUE">ESRI Metadata Profile</metprof></metextns></metainfo>
	<dataIdInfo>
		<envirDesc Sync="TRUE">Microsoft Windows XP Version 5.1 (Build 2600) Service Pack 2; ESRI ArcCatalog 9.0.0.535</envirDesc>
		<dataLang>
			<languageCode Sync="TRUE" value="en"></languageCode>
		</dataLang>
		<geoBox esriExtentType="decdegrees">
			<westBL Sync="TRUE">-92.964438</westBL>
			<eastBL Sync="TRUE">-86.666231</eastBL>
			<northBL Sync="TRUE">47.083194</northBL>
			<southBL Sync="TRUE">42.45693</southBL>
			<exTypeCode Sync="TRUE">1</exTypeCode>
		</geoBox>
		<idCitation>
			<resTitle Sync="TRUE">2004_ED_BY_WARD</resTitle>
			<presForm>
				<PresFormCd Sync="TRUE" value="011"></PresFormCd>
			</presForm>
		</idCitation>
		<spatRpType>
			<SpatRepTypCd Sync="TRUE" value="001"></SpatRepTypCd>
		</spatRpType>
		<dataExt>
			<geoEle>
				<GeoBndBox esriExtentType="native">
					<westBL Sync="TRUE">294822.466972</westBL>
					<northBL Sync="TRUE">734409.177865</northBL>
					<southBL Sync="TRUE">225108.729177</southBL>
					<eastBL Sync="TRUE">773277.784884</eastBL>
					<exTypeCode Sync="TRUE">1</exTypeCode>
				</GeoBndBox>
			</geoEle>
		</dataExt>
	</dataIdInfo>
	<distInfo>
		<distributor>
			<distorTran>
				<onLineSrc>
					<orDesc Sync="TRUE">002</orDesc>
					<protocol Sync="TRUE">Local Area Network</protocol>
					<linkage Sync="TRUE">file://\\LTB21401\C$\election_data_2004\2004_election_data_final_030505\2004_ED_BY_WARD.dbf</linkage>
				</onLineSrc>
				<transSize Sync="TRUE">6.025</transSize></distorTran>
			<distorFormat>
				<formatName Sync="TRUE">dBASE Table</formatName>
			</distorFormat>
		</distributor>
	</distInfo>
	<Esri>
		<CreaDate>20050317</CreaDate>
		<ModDate>20050318</ModDate>
		<ModTime>11302200</ModTime>
		<SyncDate>20050318</SyncDate>
		<SyncOnce>FALSE</SyncOnce>
		<SyncTime>11302200</SyncTime>
		<CreaTime>16181600</CreaTime>
		<MetaID>{A5CDE510-FC39-4897-A728-AFEA202BF9F0}</MetaID></Esri>
	<mdChar>
		<CharSetCd Sync="TRUE" value="004"></CharSetCd>
	</mdChar>
	<mdDateSt Sync="TRUE">20050318</mdDateSt>
	<mdHrLv>
		<ScopeCd Sync="TRUE" value="005"></ScopeCd>
	</mdHrLv>
	<mdHrLvName Sync="TRUE">dataset</mdHrLvName>
	<mdLang>
		<languageCode Sync="TRUE" value="en"></languageCode>
	</mdLang>
	<mdStanName Sync="TRUE">ISO 19115 Geographic Information - Metadata</mdStanName>
	<mdStanVer Sync="TRUE">DIS_ESRI1.0</mdStanVer>
	<refSysInfo>
		<RefSystem>
			<refSysID>
				<identCode Sync="TRUE">Wisconsin Transverse Mercator (WTM83/91)</identCode>
			</refSysID>
		</RefSystem>
	</refSysInfo>
	<spatRepInfo>
		<VectSpatRep>
			<topLvl>
				<TopoLevCd Sync="TRUE" value="001"></TopoLevCd>
			</topLvl>
			<geometObjs Name="WTM_8391_Wards">
				<geoObjTyp>
					<GeoObjTypCd Sync="TRUE" value="001"></GeoObjTypCd>
				</geoObjTyp>
				<geoObjCnt Sync="TRUE">6278</geoObjCnt>
			</geometObjs>
		</VectSpatRep>
	</spatRepInfo>
</metadata>
